"userAcceleration.x","userAcceleration.y","userAcceleration.z"
"-0.057073","-1.331548","1.0435649999999999"
"-2.0847279999999997","0.16303499999999999","0.260617"
"-0.162953","3.027304","1.568902"
"0.443488","2.854327","0.999442"
"0.902134","0.824633","0.6852699999999999"
"0.429267","2.008241","-0.810188"
"0.872706","1.6610189999999998","-0.400596"
"0.11464500000000001","1.326538","-0.49042700000000006"
"-0.119993","0.491821","-0.9921770000000001"
"-0.553172","-0.13677","-1.31809"
"1.064755","-1.0207190000000002","0.017251"
"1.584186","-1.244948","-0.141251"
"1.236841","-1.173881","-0.9110719999999999"
"-0.16902","-0.49368900000000004","-1.448283"
"-0.412181","-0.476312","-0.451387"
"-0.224527","-0.408611","-0.155191"
"-0.26566999999999996","-0.30509899999999995","-0.347972"
"-0.023961","0.850656","0.7322350000000001"
"0.08415700000000001","1.8787900000000002","-0.520497"
"-0.352319","3.021943","0.528177"
"-3.809901","3.256683","0.035613"
"0.208366","1.8952639999999998","-1.044649"
"1.7192619999999998","1.306726","-0.7674850000000001"
"1.271455","0.671363","0.134356"
"0.555083","-0.239052","1.379426"
"-0.788061","-1.723557","1.7264"
"-1.3285850000000001","-2.542436","2.174877"
"-0.998975","-2.121819","2.5727729999999998"
"-0.303735","-1.5627790000000001","1.8778130000000002"
"0.384473","-1.01728","0.455456"
"0.462963","-0.519095","-0.651504"
"0.9081469999999999","0.492491","-0.434252"
"0.67628","-0.170184","-0.177544"
"0.32656399999999997","-1.2632510000000001","1.309542"
"-2.742248","0.192402","0.49076800000000004"
"-1.108474","1.768468","-1.670207"
"-0.383562","1.7921779999999998","-0.145548"
"0.390719","0.682962","1.09159"
"0.14078","1.367193","0.101094"
"0.255258","2.0533330000000003","-0.315366"
"-0.47618999999999995","1.8205509999999998","-0.604921"
"-0.336825","1.16146","-1.020999"
"-0.8954340000000001","-0.13065","-1.431065"
"0.338505","-0.624434","-0.526375"
"1.4547459999999999","-0.997185","-0.49518599999999996"
"1.762686","-0.917593","-0.668661"
"0.636879","-0.919449","-0.453426"
"-0.047492","-0.614137","-1.502621"
"-0.169739","-0.618157","-0.97464"
"0.040996","-0.520422","-0.341262"
"-0.075175","-0.494055","-0.6703359999999999"
"-0.218842","0.516505","0.782716"
"-0.586967","1.6717810000000002","-0.043374"
"-1.113983","2.3729270000000002","-0.578486"
"-2.2830150000000002","3.4428370000000004","0.511901"
"0.09904199999999999","1.8037169999999998","-1.2137040000000001"
"1.6906419999999998","0.935682","-0.025383000000000003"
"1.9873610000000002","0.331363","0.584864"
"0.559559","-1.360352","0.934542"
"-0.546462","-1.633306","1.493965"
"-0.802467","-1.5648549999999999","2.448689"
"-0.38715700000000003","-1.465759","2.672485"
"0.024784","-1.5198180000000001","1.369326"
"0.359504","-1.431057","0.8201940000000001"
"0.527103","-1.133412","0.30675"
"0.766119","0.055685000000000005","-0.448266"
"0.6175470000000001","1.353063","-0.472922"
"0.165186","0.717298","-1.0199"
"-0.602916","1.683403","2.742825"
"-1.106476","-0.907272","1.114557"
"-0.730348","-1.181649","-0.659628"
"0.133235","0.5721649999999999","1.3417270000000001"
"-0.732016","2.066592","0.44831000000000004"
"-0.24898499999999998","3.2524330000000004","-0.241454"
"0.297567","3.6128769999999997","-1.2989110000000001"
"-0.112023","0.60754","-1.19082"
"-1.1433659999999999","-0.887922","-1.4215389999999999"
"-0.248521","-1.320926","-0.264305"
"1.285086","-0.8670680000000001","-0.001302"
"1.614855","-0.556231","-0.791237"
"0.532211","-0.462635","-1.224443"
"-0.264746","-1.091908","-1.203833"
"0.027325","-0.923151","0.40820100000000004"
"0.090398","-0.526151","-0.49148500000000006"
"0.074338","-0.184364","0.220348"
"-0.2106","1.6242729999999999","0.312225"
"-0.338658","1.952996","-0.099369"
"-1.027021","3.4102660000000005","-0.28227800000000003"
"-1.7573759999999998","1.873777","-0.7653369999999999"
"-0.441499","1.676046","-1.136544"
"0.881186","1.3050899999999999","-0.844966"
"1.437993","-0.182866","0.708124"
"0.998613","-1.368395","1.275326"
"-0.790008","-1.715091","2.0528459999999997"
"-0.746373","-1.8237990000000002","3.019469"
"-0.103816","-1.651688","3.03467"
"0.272853","-1.6157709999999998","1.428401"
"0.258893","-1.093724","0.572138"
"0.25485","-0.705276","0.033892"
"0.647831","0.786802","-1.402193"
"0.473391","1.187361","-0.372465"
"-1.424577","0.45736499999999997","3.437841"
"-0.43147299999999994","-0.627778","-0.09953200000000001"
"-0.211681","-0.218877","0.734885"
"-0.210211","0.47686999999999996","0.44025699999999995"
"-0.150385","2.762423","1.077991"
"0.042246","4.1620610000000005","-1.12976"
"-0.49181400000000003","1.876681","-1.035093"
"-0.9975790000000001","-0.116979","-1.570951"
"-0.6403409999999999","-0.9501059999999999","-0.28865100000000005"
"0.9052709999999999","-1.01076","-0.565316"
"1.345446","-0.28988600000000003","-1.1635440000000001"
"0.35618299999999997","-0.983028","-0.891339"
"-0.191491","-1.149032","-0.696842"
"0.07360900000000001","-0.975482","0.503685"
"0.007370000000000001","-0.45121300000000003","-0.5329109999999999"
"-0.011816","-0.23633800000000002","-0.059726999999999995"
"-0.267226","1.043459","0.253436"
"-0.859773","2.38634","-0.085052"
"-2.553083","3.89278","-0.037084"
"-1.105307","2.5924259999999997","0.190183"
"0.332852","0.7662770000000001","-1.176014"
"0.857773","0.818422","-0.611314"
"1.38669","0.265279","0.770772"
"0.962521","-0.9759049999999999","1.261752"
"-0.331917","-1.034969","1.9875509999999998"
"-1.031492","-2.265253","3.098382"
"0.41584499999999996","-1.515655","1.8480849999999998"
"0.568542","-0.8311139999999999","0.860964"
"0.57216","-0.846347","0.5217310000000001"
"0.41038500000000006","0.47214799999999996","-1.280513"
"0.275739","1.511824","-1.309008"
"1.026478","-0.364454","-0.449395"
"-0.238081","0.524196","3.054357"
"-2.1799169999999997","1.36468","2.485601"
"-0.25453400000000004","-0.486432","-1.299771"
"0.259306","-0.003139","0.70654"
"-0.16178199999999998","0.405204","0.723776"
"-0.514183","2.275538","0.522053"
"-0.684579","3.993549","-0.957831"
"-0.226415","2.36255","-1.275413"
"-0.635238","-0.968046","-0.401425"
"0.020045","-1.460476","0.21130500000000002"
"0.41245200000000004","-1.783404","-0.760415"
"0.852814","-0.356775","-1.099634"
"0.199854","-0.951774","-0.681435"
"0.010792","-1.131392","-0.9681280000000001"
"0.386173","-0.8510610000000001","-0.10524000000000001"
"0.5955779999999999","-0.533972","-0.166206"
"0.371103","-0.242763","-0.548918"
"0.237619","-0.28658","-0.18698"
"-0.112561","0.601437","0.278648"
"-0.787827","3.273315","0.44039399999999995"
"-2.497169","4.289862","-0.647953"
"-1.798059","2.124901","0.045037"
"0.530827","1.481133","-1.746604"
"1.161449","1.0127059999999999","0.088533"
"2.050249","0.171506","1.348953"
"0.035849","-1.7455209999999999","1.507435"
"-0.8722","-2.4064810000000003","2.498007"
"0.201425","-2.5440169999999998","2.900245"
"0.5954229999999999","-1.24041","1.705886"
"0.74815","-1.287716","0.7659590000000001"
"0.484732","-0.691005","0.196739"
"0.057129","0.390325","-1.3506129999999998"
"-0.546841","2.236287","-1.594757"
"0.789484","0.016788","0.083077"
"0.178584","-1.830226","3.141595"
"-2.521025","2.324911","-3.536475"
"1.037201","0.625057","1.2217280000000001"
"-0.16531600000000002","0.7162","0.509059"
"-0.148747","1.101346","0.7786350000000001"
"-0.778137","2.806755","-0.255531"
"-0.583021","4.023764","-1.515816"
"-1.3325","0.190228","-1.8265799999999999"
"-1.0060209999999998","-0.745769","-0.526062"
"0.41823999999999995","-1.223062","-0.273875"
"1.059345","-1.143553","-0.55989"
"0.507151","-0.601087","-0.847648"
"-0.220228","-0.779139","-0.9558450000000001"
"-0.378423","-0.924486","-0.8914120000000001"
"0.130914","-0.709152","-0.114007"
"0.16312100000000002","-0.47066","-0.49349499999999996"
"-0.080705","-0.386573","-0.168166"
"-0.214261","0.364222","0.161049"
"-0.351038","3.6802339999999996","0.6062489999999999"
"-1.138077","5.267696","0.670284"
"-1.765914","2.2726189999999997","-0.844382"
"-0.488987","1.223328","-0.9874950000000001"
"1.026929","1.4625219999999999","-0.389966"
"2.050694","-0.488047","1.009922"
"0.079566","-1.5444200000000001","1.407887"
"-0.612531","-2.490757","2.709802"
"0.155751","-2.290782","2.6166150000000004"
"0.479549","-1.792357","1.499878"
"0.913502","-1.194024","0.62789"
"0.489757","-0.561371","0.067314"
"0.042843","0.475731","-1.3670950000000002"
"-0.329332","1.930319","-1.280516"
"0.9401459999999999","-0.8818290000000001","-0.195012"
"0.612989","-1.8383509999999998","0.351475"
"-2.700871","1.568083","3.4613110000000002"
"2.029939","3.1565060000000003","3.726063"
"0.024478","0.808503","-0.56681"
"0.579688","0.06976399999999999","1.562249"
"-0.42662","1.693456","-0.09456"
"-1.440475","3.604742","0.637829"
"0.326335","2.234656","-0.8651110000000001"
"-1.4161979999999998","-0.358336","-2.1087860000000003"
"-1.29739","-1.132607","-0.824312"
"0.207008","-1.139083","0.195503"
"0.90171","-1.162989","-1.156434"
"0.618205","-0.66351","-0.759914"
"0.033186","-0.643293","-0.831973"
"-0.229798","-0.784994","-0.7635"
"0.249677","-0.800534","-0.010078"
"0.229969","-0.49032299999999995","-0.47495299999999996"
"-0.137347","-0.5400739999999999","-0.229096"
"-0.23183800000000002","-0.27855","-0.09739199999999999"
"-0.287129","1.8215400000000002","0.648339"
"-0.7987380000000001","3.366595","0.8483639999999999"
"-1.963052","3.3073129999999997","-0.127408"
"-0.322844","1.9808569999999999","-0.042612"
"0.573983","1.420975","-1.39288"
"0.9252670000000001","0.7617659999999999","-0.132414"
"1.57133","-0.425095","0.811393"
"-0.251614","-1.548577","1.753552"
"-0.13727","-2.2972029999999997","2.246058"
"0.08354400000000001","-2.001211","2.273271"
"0.407453","-1.465437","1.535324"
"0.540906","-1.318136","1.0484959999999999"
"0.485617","-0.42610699999999996","0.07179400000000001"
"-0.083716","0.736643","-1.242201"
"-0.361158","1.749644","-2.143643"
"0.9034709999999999","-1.106916","0.33794"
"-0.057926","-0.08869099999999999","3.1337770000000003"
"-1.1407479999999999","1.6011540000000002","1.954334"
"0.47085","0.553638","0.7013050000000001"
"-0.013637","0.597781","0.734527"
"-0.006281","1.542781","1.148819"
"-0.544021","2.176749","-0.027926999999999997"
"0.152032","3.417636","-0.182795"
"-0.246117","0.243471","-1.303765"
"-1.219761","-0.42737200000000003","-1.541825"
"-0.220741","-1.063178","0.570401"
"0.5819850000000001","-1.019498","0.094907"
"0.6333300000000001","-0.243402","-1.481167"
"0.030317","-0.48736599999999997","-1.094432"
"-0.46067700000000006","-0.966725","-0.696176"
"-0.417666","-0.9915959999999999","-0.543046"
"0.41218599999999994","-0.681742","-0.056759000000000004"
"0.524932","-0.537366","-0.202345"
"0.379668","-0.47519300000000003","0.11357"
"0.242536","1.72013","0.43531400000000003"
"-0.15618800000000002","2.730658","0.570148"
"-2.515684","3.3850599999999997","0.292747"
"-1.24844","2.1494299999999997","-0.033025"
"0.379957","1.181921","-1.1126909999999999"
"1.315267","1.2605819999999999","-0.48053199999999996"
"1.3888969999999998","0.012961000000000002","0.808393"
"0.275343","-1.004346","1.151528"
"0.05533300000000001","-1.742676","1.8981419999999998"
"0.129012","-2.174893","2.013647"
"0.161826","-1.9531990000000001","1.696245"
"0.588778","-1.7480200000000001","0.9195"
"0.48011499999999996","-1.1528770000000002","0.430892"
"0.407958","-0.18321400000000002","-0.539934"
"-0.092158","1.79731","-2.236247"
"0.19315","0.21996500000000002","-0.44830200000000003"
"0.287061","-1.223355","1.252414"
"-0.6694479999999999","0.6702600000000001","-0.715109"
"0.45241099999999995","-0.097665","0.7269720000000001"
"-0.338687","0.50861","0.054502999999999996"
"0.069022","1.127104","1.089223"
"-0.6409630000000001","1.9828240000000001","-0.028631999999999998"
"-0.561739","2.979683","-0.514393"
"-0.21878499999999998","3.231884","-0.565272"
"-0.870492","-0.160458","-1.2428860000000002"
"-1.240537","-1.26967","-1.0539450000000001"
"0.141151","-1.214476","0.706836"
"0.713044","-0.8748239999999999","-1.5316370000000001"
"0.6521939999999999","-0.446406","-1.349789"
"0.012381999999999999","-0.6677810000000001","-0.6544449999999999"
"-0.184883","-0.851775","-0.57004"
"-0.046194","-0.89715","-0.352148"
"0.39518200000000003","-0.7097399999999999","-0.096209"
"0.08217999999999999","-0.8449559999999999","-0.149301"
"-0.08027100000000001","-0.406915","0.044399"
"0.13206099999999998","1.8304669999999998","0.399642"
"-0.008017","3.12195","0.509017"
"-0.9993549999999999","3.988511","0.542892"
"-1.728304","2.470516","-0.661641"
"-0.145716","0.8125760000000001","-1.071199"
"0.867871","0.8572420000000001","-0.473901"
"1.354596","0.069874","0.08433099999999999"
"0.483418","-0.598949","0.8501719999999999"
"-0.297151","-1.4245780000000001","1.722193"
"-0.065604","-2.722339","2.07198"
"0.48919700000000005","-2.343243","2.243993"
"0.7954479999999999","-1.528918","1.260507"
"0.687104","-0.570497","0.326525"
"0.22250999999999999","0.085649","-0.575445"
"-0.46691800000000006","1.708461","-2.354844"
"-0.075775","0.098773","-1.0701209999999999"
"0.29075500000000004","-1.4775209999999999","1.0040200000000001"
"-0.176748","0.938796","4.6276"
"-0.00203","2.1803150000000002","-2.238819"
"0.8238040000000001","0.903064","1.095753"
"-0.17171199999999998","-0.43159899999999995","0.14585"
"0.121938","1.026049","0.76665"
"-0.357106","2.880261","-0.932424"
"0.89855","3.320437","-0.600019"
"0.062539","0.594024","-1.135702"
"-1.491456","-1.250918","-0.760318"
"-1.0411190000000001","-1.183633","0.06484"
"0.020359","-1.179102","0.565419"
"0.296685","-0.493829","-1.186725"
"-0.052483","-0.678184","-0.657606"
"-0.40469","-0.9650719999999999","-0.702554"
"-0.02361","-0.8219110000000001","-0.37858400000000003"
"0.5015539999999999","-0.581044","-0.243891"
"0.42829799999999996","-0.62268","-0.259181"
"0.287928","-0.604971","-0.153933"
"0.381657","1.232796","0.299266"
"0.511566","1.9982779999999998","0.54238"
"-1.956755","3.095933","0.923178"
"-2.5024","2.712136","-0.145677"
"-0.658239","1.727489","0.310808"
"0.9953049999999999","1.589401","-1.4203350000000001"
"0.794716","0.831501","0.11554400000000001"
"0.650716","-0.295539","0.544032"
"-0.114321","-1.4223139999999999","0.927522"
"-0.03483","-2.2123630000000003","1.319112"
"0.377711","-2.53344","1.8231549999999999"
"0.5434220000000001","-2.0884720000000003","2.043877"
"0.826659","-1.412788","1.1783190000000001"
"0.921485","-0.42161099999999996","0.336384"
"0.439928","0.085363","-0.547909"
"-0.34226599999999996","2.34563","-1.6997939999999998"
"-0.736383","0.520791","-1.633589"
"0.309081","-1.719459","0.554383"
"0.134483","-0.48817","4.969983999999999"
"-0.288525","2.1927790000000003","2.34464"
"1.8171810000000002","0.5129060000000001","2.919466"
"0.423521","-0.097708","-0.9997450000000001"
"0.692209","1.217131","1.124121"
"-0.5301060000000001","2.84322","-1.009891"
"0.22970300000000002","2.500484","-0.598014"
"-0.229079","0.7998390000000001","-0.882734"
"-1.3610149999999999","-0.22118200000000002","-0.694365"
"-1.1244889999999998","-1.021299","-0.30828099999999997"
"-0.021793","-1.0994680000000001","0.280341"
"0.20108800000000002","-0.884631","-0.24203899999999998"
"0.183315","-0.41413999999999995","-1.095923"
"-0.10793900000000001","-0.502807","-1.0287190000000002"
"-0.533172","-0.919967","-0.856542"
"0.041985","-0.986301","-0.342269"
"0.350119","-0.987079","0.019839"
"0.44026400000000004","-0.285946","-0.46308599999999994"
"0.330411","0.067608","0.155136"
"0.503604","1.945846","0.6721050000000001"
"-0.590919","3.067149","1.284118"
"-2.4422610000000002","1.718494","0.644567"
"-1.087169","1.8919529999999998","-0.556988"
"0.779796","1.533551","-0.9446260000000001"
"1.2014340000000001","1.331053","-0.9888049999999999"
"0.6243350000000001","0.909643","0.22050799999999998"
"0.009019","-0.8667819999999999","0.75815"
"0.115255","-1.864352","1.1584459999999999"
"0.31781","-2.459587","1.385987"
"0.194523","-2.21857","1.9121279999999998"
"0.5707909999999999","-1.609692","1.361724"
"0.893757","-1.4095","0.8770469999999999"
"0.5611","-0.37417399999999995","-0.113532"
"-0.149751","0.21648699999999999","-1.3162690000000001"
"-0.486324","1.629697","-2.2168240000000003"
"-0.21173699999999998","0.547821","-0.358295"
"-0.085637","1.100637","1.597234"
"0.656645","-1.809143","2.568662"
"-0.279354","-0.8599950000000001","0.471218"
"0.8555790000000001","0.403006","1.743069"
"0.784127","1.447581","0.602314"
"0.21521300000000002","3.280818","-0.21632300000000002"
"-0.10646199999999999","2.78314","-0.915385"
"-0.146385","0.503228","-0.566705"
"-1.507416","-0.5909","-0.610813"
"-1.49574","-1.191719","-0.42945900000000004"
"-0.073107","-1.111815","0.223423"
"0.49261499999999997","-0.756909","0.395131"
"0.48416800000000004","-0.608746","-0.851591"
"-0.090448","-0.441668","-0.929811"
"-0.7942","-0.7045710000000001","-1.11867"
"-0.176452","-0.786373","-0.762324"
"0.513514","-0.818503","-0.053446"
"0.786658","-0.490175","-0.39310100000000003"
"0.663035","-0.09181900000000001","0.11531"
"1.196332","1.937517","0.613708"
"0.08085099999999999","3.414199","1.294659"
"-2.668828","1.546821","1.5661909999999999"
"-1.847261","2.032085","-1.218907"
"-0.064487","1.3259379999999998","-0.269377"
"1.241021","1.629916","-0.495658"
"0.607583","1.302318","0.006272"
"0.049298","0.234014","1.134802"
"0.135656","-0.599308","0.9948110000000001"
"0.22289299999999998","-1.55094","1.15666"
"0.361896","-2.710612","1.149438"
"0.180054","-2.541953","1.528559"
"0.27481","-2.176562","1.6944669999999997"
"0.7820560000000001","-0.822519","0.825859"
"0.320044","-0.33973600000000004","-0.61323"
"0.160512","1.426053","-2.482545"
"0.316646","-0.024718","0.20589699999999997"
"0.280878","1.074034","3.1378310000000003"
"-1.0201149999999999","0.093401","2.0277369999999997"
"0.978082","0.17307899999999998","-0.006592"
"1.176639","-0.34429699999999996","1.000765"
"-0.085007","1.03134","-0.160842"
"-0.402536","1.111524","0.157222"
"-0.369178","1.5481260000000001","-0.400582"
"-0.057619000000000004","1.210952","-0.445878"
"0.08740099999999999","0.34613299999999997","-0.816236"
"-0.389465","-0.232805","-0.5700689999999999"
"-0.805412","-0.662292","0.046211"
"-0.330414","-0.644732","0.270532"
"0.43971899999999997","-1.0051430000000001","0.557339"
"0.565439","-1.014246","0.28270500000000004"
"0.587816","-0.925206","0.254387"
"0.265372","-0.614449","0.12248800000000001"
"0.117881","-0.145043","0.264986"
"0.372942","1.085337","0.47065799999999997"
"0.687362","1.5970719999999998","0.45316999999999996"
"-0.558357","2.100375","0.179892"
"-1.09474","1.563192","0.158378"
"0.013169","0.8216709999999999","-0.041867"
"0.555566","0.804686","0.4729"
"0.35478699999999996","0.756579","-0.018537"
"0.32133","0.7750779999999999","0.366609"
"0.018706","0.381592","0.8186939999999999"
"-0.242682","-0.773192","1.056457"
"0.015735","-1.861864","1.04315"
"0.41468900000000003","-1.919377","1.692895"
"0.388953","-1.539064","1.068864"
"0.204336","-1.15998","0.34605"
"-0.016278","-0.609899","-0.415756"
"-0.113283","-0.23923000000000003","-1.411573"
"0.284515","-0.353379","-0.30999099999999996"
"0.210675","2.1122970000000003","0.682037"
"-0.577896","1.602085","-0.066109"
"1.104738","-0.45969399999999994","1.5688790000000001"
"1.137406","-0.193464","-0.048304"
"0.224056","0.7318939999999999","-0.605896"
"-0.129987","0.8291860000000001","-0.704294"
"-0.0411","0.9920950000000001","-0.6079899999999999"
"0.434679","0.6987479999999999","-0.264298"
"0.162995","0.061086","-0.073929"
"-0.377237","-0.43386199999999997","0.772453"
"-0.393318","-0.168716","0.8152590000000001"
"0.305845","-0.020622","0.617494"
"0.880234","0.299813","0.677912"
"0.985725","0.685617","0.359412"
"0.641361","1.188874","0.026681"
"0.375772","1.299617","-0.112278"
"0.239146","0.8193219999999999","-0.38362199999999996"
"0.42235600000000006","0.535881","0.154551"
"0.369256","0.194603","0.5521199999999999"
"0.48363900000000004","0.124525","0.19860799999999998"
"0.509053","0.05595700000000001","0.173783"
"0.4812","-0.039207","0.23223400000000002"
"0.48063","-0.5522600000000001","0.35483000000000003"
"0.589871","-0.784081","0.242338"
"0.6734020000000001","-0.6518149999999999","0.15592999999999999"
"0.598477","-0.434766","0.267365"
"0.412092","-0.22810500000000003","0.299039"
"0.215671","0.066192","-0.418274"
"-0.0027010000000000003","0.312672","-0.738349"
"0.34528000000000003","-0.44557299999999994","-0.061858"
"0.025727999999999997","0.064029","1.7926669999999998"
"0.5989979999999999","0.899235","0.570906"
"1.6415509999999998","2.293172","-0.941256"
"1.462172","0.9507260000000001","0.539049"
"0.297656","0.7410359999999999","-0.365033"
"-0.30935300000000004","0.9951180000000001","-0.6064069999999999"
"-0.049343","0.6732","-0.344725"
"0.098978","0.308201","-0.59796"
"0.262786","0.042755","-0.609855"
"0.316986","-0.029491000000000003","-0.581098"
"0.048013","-0.210223","-0.681422"
"-0.2194","-0.389802","-0.9350639999999999"
"0.101881","-0.596708","-0.552242"
"0.508966","-0.7668590000000001","-0.181551"
"0.7095739999999999","-0.44433199999999995","-0.532744"
"0.556354","-0.071009","-0.20338699999999998"
"0.363757","0.397417","-0.371605"
"0.373519","1.1120510000000001","0.102934"
"0.454539","1.261215","0.274542"
"0.7133","1.3134270000000001","0.444625"
"0.692167","1.693038","-0.41686899999999993"
"-0.018462","1.998747","-1.2325620000000002"
"-0.060473","1.475076","-0.767479"
"0.279965","1.282842","-0.474559"
"0.591963","0.957289","-0.36841799999999997"
"0.494125","-0.166641","0.035049000000000004"
"0.721133","-0.739934","0.322939"
"0.522409","-1.1567379999999998","0.46199700000000005"
"0.310633","-1.7194310000000002","0.540139"
"0.264311","-1.8629419999999999","0.46872299999999995"
"0.47829399999999994","-1.2703389999999999","0.338858"
"0.411127","-1.147705","0.028535"
"0.335095","-1.104547","-0.08078099999999999"
"0.260424","-1.1469610000000001","-0.753879"
"0.6826770000000001","-0.46489899999999995","0.57618"
"0.230489","0.124526","1.096768"
"0.31252800000000003","0.895051","0.5220670000000001"
"0.173007","2.464856","0.345721"
"0.188868","1.445948","0.209542"
"0.228886","1.1757229999999999","-0.40552699999999997"
"0.318666","1.498091","-0.6078680000000001"
"0.407819","1.752331","-0.503273"
"0.101444","0.6034229999999999","-0.716549"
"-0.154898","0.404886","-0.883992"
"-0.690344","-0.232204","-1.129398"
"-0.980449","-0.5961529999999999","-1.178711"
"-0.128511","-0.496493","-1.154333"
"0.909415","-0.655828","-0.7022729999999999"
"0.9092129999999999","-0.82937","-1.162116"
"0.311796","-0.604374","-1.160244"
"-0.929833","-0.697419","-0.563312"
"-0.705501","-0.561675","-0.151483"
"-0.395005","-0.345729","0.11853399999999999"
"-0.196984","2.115901","-0.196268"
"0.362175","2.9637740000000004","-0.203006"
"1.1356190000000002","3.661972","0.5317390000000001"
"0.327545","1.864711","-0.8233600000000001"
"0.071015","0.900782","-1.0096209999999999"
"0.740175","1.083305","-0.551301"
"1.053172","0.36127800000000004","0.029844"
"0.260691","-0.8382879999999999","0.295849"
"-0.13448800000000002","-1.982634","0.739336"
"0.033701","-2.204148","1.454122"
"0.286026","-1.7541380000000002","1.6546560000000001"
"0.23175700000000002","-1.573099","1.254485"
"0.106196","-1.1117709999999998","0.7080270000000001"
"-0.074612","-0.337282","-0.088558"
"0.024299","-0.12170999999999998","-0.8950620000000001"
"0.27671599999999996","-1.166067","-0.43182200000000004"
"0.285926","-1.4720799999999998","-0.037467"
"0.26160900000000004","0.62175","1.397341"
"0.5062949999999999","2.3065900000000004","0.5047659999999999"
"1.080351","1.779775","2.410764"
"-0.16021400000000002","0.447908","-0.48729399999999995"
"0.013241","1.452205","0.416175"
"-0.35318499999999997","1.7659900000000002","-0.49710600000000005"
"0.466958","1.705168","-0.49716499999999997"
"-0.095095","0.6071880000000001","-0.965095"
"-0.178312","0.33415900000000004","-1.319034"
"-0.769151","-0.10601600000000001","-1.238934"
"-0.725021","-0.806182","-1.282052"
"0.525961","-0.578194","0.069151"
"0.9113100000000001","-0.486809","-1.546335"
"0.595816","-0.693597","-0.9485379999999999"
"-0.284933","-0.7744989999999999","-0.60695"
"-0.9276610000000001","-0.638009","-0.7455149999999999"
"-0.836191","-0.751555","-0.033081"
"-0.345421","-0.263587","-0.56898"
"-0.016075","0.952464","0.03669"
"0.270144","3.085696","-0.016916"
"0.534404","4.688299","0.23835599999999998"
"-0.476404","1.9210049999999999","-0.8731639999999999"
"-0.189166","0.5885520000000001","-0.784632"
"0.905489","0.44812700000000005","-0.624467"
"1.731296","0.195494","-0.183685"
"0.23488299999999998","-0.7626029999999999","0.464689"
"-0.548565","-1.5959139999999998","1.0680379999999998"
"0.188099","-1.6833630000000002","1.603997"
"0.880792","-1.4979770000000001","1.856253"
"0.106321","-1.711612","1.490022"
"-0.181038","-1.358455","0.6650739999999999"
"-0.034405","-0.702245","-0.31324"
"-0.07975299999999999","0.26887","-1.120041"
"0.043039","0.30906","-0.727283"
"0.370422","-1.6537549999999999","0.6197239999999999"
"0.022826","-0.884908","1.877114"
"-0.550547","1.529569","0.675945"
"0.9160879999999999","1.853187","2.582013"
"-0.368967","0.554301","-1.410747"
"0.648239","1.242579","1.345885"
"0.416815","1.600851","-0.465718"
"-0.41479099999999997","2.018703","-0.245581"
"0.272418","0.9882559999999999","-1.2657180000000001"
"0.153814","0.562491","-1.6845290000000002"
"-1.0220879999999999","-0.407515","-1.005842"
"-0.305306","-0.861351","-0.140721"
"0.756165","-0.44998699999999997","-0.989663"
"0.905725","-0.5470229999999999","-1.483442"
"0.28228000000000003","-1.0073459999999999","-0.425184"
"-0.38371500000000003","-0.858319","-1.033118"
"-0.554086","-0.713823","-0.550492"
"-0.387313","-0.485138","-0.203958"
"-0.056852","0.369293","0.10055900000000001"
"-0.026424","0.987157","0.542435"
"-0.101275","1.967571","0.45087299999999997"
"-0.565385","3.335528","0.621861"
"-0.797676","2.82252","-0.280966"
"0.274036","1.802232","-1.234744"
"0.8162189999999999","0.583697","0.027124000000000002"
"1.390161","-0.418872","-0.129557"
"0.284885","-1.440015","0.288564"
"0.12674000000000002","-1.417227","0.894984"
"0.145249","-1.468559","1.487906"
"0.22991799999999998","-1.2792860000000001","2.050358"
"-0.0048530000000000005","-1.4651969999999999","1.675443"
"0.15713","-1.2469649999999999","0.8211620000000001"
"0.022417","-0.389423","-0.10101900000000001"
"0.328633","-0.19955699999999998","-0.937636"
"0.300745","-0.370637","-0.822275"
"0.338213","-1.297021","0.14824500000000002"
"0.069958","0.108654","2.092114"
"-0.551565","0.972231","-0.52131"
"0.27936300000000003","1.1657799999999998","1.29688"
"0.144818","0.462937","0.240367"
"0.612179","1.8439459999999999","-0.35984299999999997"
"-0.928852","2.4454119999999997","-0.21678200000000003"
"0.189431","2.4822990000000003","-1.415359"
"-0.13561900000000002","1.735322","-1.703659"
"-0.418996","0.23720100000000002","-1.01321"
"-0.365772","-0.638057","-0.406177"
"0.028888","-0.9864370000000001","-0.014126"
"0.358242","-1.074111","-0.505829"
"0.5227069999999999","-0.901175","-0.73011"
"0.056758","-0.9102459999999999","-0.6942550000000001"
"-0.49483299999999997","-0.642666","-0.825009"
"-0.239296","-0.62784","-0.130332"
"-0.160825","-0.578511","-0.092315"
"-0.234325","0.624636","0.25661799999999996"
"-0.333715","1.2000389999999999","0.574731"
"-0.380385","2.5204880000000003","0.17386400000000002"
"-0.09376799999999999","3.0362430000000002","-0.46133500000000005"
"-0.201062","1.402081","-1.241638"
"0.252326","0.151327","-0.7901819999999999"
"1.230559","0.704666","-0.380629"
"0.9988610000000001","-0.624193","0.127174"
"-0.036764","-1.471435","0.539999"
"0.06196","-1.727538","1.371985"
"0.245362","-2.0003279999999997","2.051263"
"0.6372439999999999","-1.695855","2.330524"
"0.368936","-1.070826","1.352367"
"0.294091","-0.341971","0.13492200000000001"
"-0.07182100000000001","0.30149000000000004","-0.8315540000000001"
"0.024881","0.427134","-1.487309"
"0.381723","-1.1706159999999999","-0.126057"
"0.008022","-0.703944","1.562218"
"-0.546515","1.007042","1.6958380000000002"
"0.532125","0.551445","1.336227"
"0.05391900000000001","0.784983","-0.083118"
"0.767333","1.37035","0.932975"
"-0.081571","2.484791","-0.650249"
"-0.282087","2.338962","-0.782866"
"-0.10441099999999999","1.246642","-1.293035"
"-0.22786399999999998","0.662941","-1.315708"
"-0.734539","-0.34555","-0.8717309999999999"
"-0.263571","-0.80402","-0.382907"
"0.41469700000000004","-0.700376","-0.999058"
"0.8583860000000001","-0.4021","-1.464868"
"0.5957","-0.8802479999999999","-0.8287979999999999"
"-0.031631","-0.800646","-0.7550020000000001"
"-0.524792","-0.593866","-0.632676"
"-0.518691","-0.569475","-0.21299"
"-0.203369","-0.45711","-0.3448"
"-0.196295","0.5825060000000001","0.42043800000000003"
"-0.262165","1.792864","0.407421"
"-0.747955","3.214127","0.5227609999999999"
"-0.46041499999999996","3.364934","-0.5854520000000001"
"0.123774","1.494301","-1.581172"
"0.444275","0.787272","-0.38613200000000003"
"1.47369","0.22975700000000002","-0.10665799999999999"
"0.8265040000000001","-0.7872979999999999","0.41145600000000004"
"0.040442","-1.518134","0.871843"
"0.228223","-1.94285","1.350479"
"0.544457","-1.463813","1.9536060000000002"
"0.19047999999999998","-1.553769","1.506224"
"0.113195","-1.6513209999999998","1.056051"
"0.30509200000000003","-0.775301","-0.14469200000000002"
"-0.17741600000000002","0.332807","-1.305064"
"-0.157967","0.615532","-1.289871"
"-0.147115","0.473983","0.11146800000000001"
"0.399181","1.1681840000000001","2.3808860000000003"
"-0.319236","-1.077505","0.607585"
"0.525057","0.336012","0.718535"
"0.795496","1.1067639999999999","0.7035779999999999"
"0.44121800000000005","1.9659520000000001","-0.273552"
"-0.571318","2.571854","-0.605402"
"0.134157","2.351732","-0.8313659999999999"
"-0.182899","0.244139","-1.280983"
"-1.352256","-0.221336","-1.254397"
"-0.8227690000000001","-1.027816","-0.283639"
"0.407498","-0.8656020000000001","0.438109"
"0.9735590000000001","-0.608487","-1.9829740000000002"
"0.312399","-0.369927","-1.101224"
"-0.18327100000000002","-0.9059159999999999","-0.782486"
"-0.11954000000000001","-0.846551","-0.846886"
"0.316312","-0.749011","-0.510412"
"0.40480900000000003","-0.521408","-0.243821"
"0.173111","-0.27478600000000003","-0.337567"
"0.287989","1.376875","0.173816"
"-0.5650109999999999","2.681364","0.712253"
"-1.773261","3.9874400000000003","0.075771"
"-1.335575","3.0499509999999996","-0.10380299999999999"
"0.66619","1.5055379999999998","-1.7050779999999999"
"0.754833","1.141189","-0.477001"
"1.1210639999999998","-0.26760900000000004","0.055778999999999995"
"0.208411","-1.362183","0.31753400000000004"
"0.20831799999999998","-1.741395","1.14818"
"0.6150220000000001","-2.178559","1.762475"
"0.341958","-1.9782349999999997","2.266643"
"0.187685","-1.99973","1.91537"
"0.32750799999999997","-0.798128","0.7342489999999999"
"0.300634","-0.16464700000000002","-0.129396"
"-0.22916799999999998","0.8812030000000001","-1.34179"
"0.018064","1.000843","-1.226876"
"0.45398","-1.315484","0.34963299999999997"
"-0.034189","-1.125052","2.039021"
"-0.661768","1.559871","0.051534"
"1.2664520000000001","1.3664530000000001","2.431565"
"-0.236825","0.377764","-1.253388"
"0.414987","1.06158","0.886609"
"-0.617424","1.340525","0.088729"
"-0.498141","2.895044","-0.426555"
"0.5547770000000001","1.7011029999999998","-0.407875"
"-0.251371","0.324191","-1.608025"
"-1.446077","-0.245785","-1.281908"
"-0.9296700000000001","-1.409219","-0.180831"
"0.649184","-0.756976","-1.4740739999999999"
"0.5588569999999999","-0.506497","-1.184013"
"0.212029","-0.548261","-0.851843"
"0.088268","-0.614855","-0.643335"
"-0.094315","-0.535796","-0.371131"
"-0.1764","-0.643409","-0.182418"
"-0.476159","-0.719797","-0.294029"
"-0.11466400000000002","0.30383499999999997","0.057724"
"-0.7633949999999999","2.139163","-0.135743"
"-0.8860040000000001","2.75001","-0.376795"
"-0.45571999999999996","3.048262","-0.381839"
"0.18784800000000001","2.36465","-0.905926"
"0.575128","1.1099809999999999","-0.9314819999999999"
"1.5340719999999999","0.367082","-0.015199"
"0.537219","-0.5062260000000001","0.517267"
"0.212729","-1.331258","1.0192290000000002"
"-0.294622","-2.335371","1.933488"
"0.711881","-3.066949","2.199348"
"0.8649610000000001","-2.041541","1.428815"
"0.063222","-0.749859","0.257054"
"-0.40488","0.756567","-1.312591"
"-0.546552","0.9750989999999999","-2.070891"
"-0.06126","-1.032943","-0.019097"
"0.552201","-1.917745","1.177296"
"0.111927","0.381262","3.480772"
"-1.089123","3.552765","-5.4254940000000005"
"1.348525","1.184787","2.220127"
"0.181019","-0.755262","-1.0044959999999998"
"0.685141","0.953202","1.061308"
"0.228783","2.114712","-0.509293"
"-0.7200880000000001","2.716007","-0.907689"
"0.05032","1.080698","-0.7965220000000001"
"-1.085059","-0.10401400000000001","-1.481667"
"-1.354939","-0.816901","-0.603104"
"0.12572","-1.075001","0.208443"
"0.622352","-0.727647","-0.759379"
"0.551038","-0.14954800000000001","-1.349533"
"-0.11720499999999999","-0.483021","-1.0352540000000001"
"-0.289364","-0.748624","-0.757301"
"-0.047618","-0.81313","-0.528791"
"0.24104699999999998","-0.41953599999999996","-0.579314"
"0.251154","-0.582244","-0.186867"
"0.20590300000000003","0.48579799999999995","0.305104"
"-0.887792","3.835061","0.807561"
"-1.529809","3.892094","1.176416"
"-1.9771889999999999","2.6486400000000003","0.223525"
"1.192259","1.879576","-2.036927"
"0.9195200000000001","1.9230200000000002","-1.570683"
"1.0116020000000001","0.719205","0.145242"
"0.25532","-1.399956","0.50941"
"0.292166","-1.926539","0.821801"
"0.138219","-2.2147580000000002","1.352947"
"0.291348","-2.071319","1.965816"
"0.288823","-1.96134","2.083886"
"0.482871","-1.173592","0.967089"
"0.43145100000000003","-0.229287","0.13936400000000002"
"-0.230544","0.669917","-0.835158"
"-0.5690350000000001","1.510679","-1.8182470000000002"
"0.211443","-1.311488","-0.68594"
"-0.069252","-0.877607","0.14269400000000002"
"0.642474","3.101073","2.205852"
"1.604581","0.476732","2.732718"
"-0.08899299999999999","-0.521734","-0.256236"
"0.6012390000000001","0.820788","0.8865270000000001"
"0.254512","2.0123159999999998","-0.401512"
"-0.562186","2.568182","-0.714259"
"-0.22599699999999998","2.076647","-1.0558379999999998"
"-1.019384","0.46801099999999995","-1.3116299999999999"
"-1.247004","-1.209825","-0.739834"
"-0.53628","-1.4648379999999999","-0.036206999999999996"
"0.607356","-0.8412229999999999","0.246466"
"0.407485","-0.355145","-0.773117"
"0.230971","-0.605079","-0.9377629999999999"
"0.021686","-0.906752","-0.892833"
"0.209031","-0.702212","-0.44139700000000004"
"0.35536799999999996","-0.644967","-0.319686"
"0.294225","-0.465103","-0.23713099999999998"
"0.148587","1.374659","0.228336"
"0.165849","1.361319","0.302807"
"-1.3491440000000001","3.509635","0.762451"
"-1.137665","2.434268","0.07387"
"-0.15348299999999998","2.57733","-0.7296699999999999"
"0.7175050000000001","1.721593","-1.4963899999999999"
"1.067377","1.012691","-0.147552"
"1.163932","-0.506686","0.303952"
"-0.289854","-1.55378","0.577277"
"-0.087742","-2.017763","1.39"
"0.647436","-2.218372","1.9683400000000002"
"0.38552600000000004","-1.7368169999999998","1.690853"
"0.373057","-0.896334","0.7404729999999999"
"0.179623","-0.5959439999999999","0.207932"
"-0.34962","0.5058279999999999","-1.252204"
"-0.045713","0.84465","-1.364498"
"-0.001395","-0.315576","-0.8366040000000001"
"0.642895","-2.086092","0.879826"
"0.48533000000000004","-1.343375","2.487274"
"-0.052994000000000006","-0.08176","3.716342"
"1.853509","2.7579700000000003","3.7545050000000004"
"1.1884629999999998","1.748271","1.1861709999999999"
"0.020908000000000003","0.451646","-0.932177"
"-1.546302","1.407505","-0.48076800000000003"
"-1.177771","1.9035819999999999","-0.543651"
"0.239394","1.0171729999999999","-0.923717"
"-0.088075","0.392581","-1.730274"
"-0.9235549999999999","-0.324615","-0.784315"
"-0.629024","-0.953787","0.019066999999999997"
"0.585667","-0.79947","-1.423512"
"0.709971","-0.522173","-0.490309"
"0.237936","-0.8581489999999999","-1.318173"
"-0.41291000000000005","-0.855772","-0.59304"
"-0.37343000000000004","-0.646502","-0.289229"
"-0.143964","-0.74278","-0.410496"
"-0.069425","-0.466449","-0.274385"
"-0.21031","1.217363","0.337366"
"-0.7809550000000001","2.354917","0.39428"
"-1.141532","2.733788","0.477653"
"-0.340443","2.136189","-0.695537"
"0.8243030000000001","1.610744","-1.5213969999999999"
"0.626037","1.277","-0.5712229999999999"
"0.830945","0.001848","0.234533"
"0.455273","-0.7895800000000001","0.391646"
"0.40528200000000003","-1.195363","0.81101"
"0.371585","-1.7667240000000002","1.213118"
"-0.006706","-2.245737","1.6426009999999998"
"0.2749","-1.9609189999999999","1.636102"
"0.628181","-1.450883","0.8468319999999999"
"0.330239","-0.608421","-0.059069"
"-0.155313","0.38008600000000003","-1.318567"
"-0.18362699999999998","0.8365440000000001","-1.6976849999999999"
"0.287464","-1.646363","0.094626"
"0.29149200000000003","-1.0258120000000002","2.266546"
"-1.596403","3.065625","-3.5206150000000003"
"2.3145580000000003","0.90191","3.3532949999999997"
"0.673484","0.36019","0.506921"
"0.313316","1.079073","0.334404"
"-0.15723099999999998","1.396766","-0.44819200000000003"
"-0.219824","2.996075","-0.688872"
"0.058816","0.47112","-1.295476"
"-1.032253","-0.24916999999999997","-1.434748"
"-0.978582","-1.285539","-0.010301000000000001"
"0.291116","-1.125338","0.046932999999999996"
"0.7073119999999999","-0.463613","-1.296027"
"0.265994","-0.22911900000000002","-1.1497"
"-0.379434","-0.777096","-0.721688"
"-0.384383","-0.776139","-0.757067"
"0.110207","-0.719955","-0.37630399999999997"
"0.213535","-0.7073020000000001","-0.257787"
"0.041339999999999995","-0.355088","-0.165416"
"0.17746900000000002","1.648032","0.423134"
"-0.069914","2.554602","0.5517569999999999"
"-1.7442240000000002","4.653175","0.5041479999999999"
"-0.033763999999999995","1.871158","-0.46103299999999997"
"1.029259","1.9649990000000002","-1.062599"
"1.072373","1.969697","-1.128197"
"0.8756209999999999","-0.067393","0.49639300000000003"
"0.221257","-1.18222","0.683348"
"0.051677","-1.544075","1.048881"
"0.366573","-2.2853830000000004","1.590826"
"0.09119","-1.9223599999999998","1.951705"
"0.055442","-1.831366","1.71485"
"0.23323000000000002","-1.302417","0.513245"
"0.118646","-0.270013","-0.605721"
"-0.262327","1.374554","-2.0259259999999997"
"-0.160018","0.47366099999999994","-0.726993"
"0.400131","-2.386099","0.650807"
"0.10598699999999998","-1.0408389999999998","2.440042"
"-0.648518","2.4283919999999997","-1.6382290000000002"
"0.9438200000000001","2.593162","-0.7041350000000001"
"0.129329","0.6164649999999999","-0.760865"
"0.101613","1.073891","1.399813"
"-1.425481","1.6278110000000001","-0.590179"
"0.04286","2.59271","-0.282904"
"0.510678","1.143744","-0.786771"
"-0.5972069999999999","-0.10642599999999999","-1.68728"
"-1.0093290000000001","-0.5361819999999999","-0.749051"
"-0.075627","-1.131033","0.266573"
"0.648878","-0.717648","-1.45874"
"0.444537","-0.350927","-1.076935"
"0.079191","-0.91589","-0.660666"
"-0.295125","-0.9297110000000001","-0.552025"
"-0.268298","-0.788879","-0.41941999999999996"
"-0.159173","-0.540239","-0.282541"
"-0.216743","-0.729115","-0.180547"
"0.049134","0.354685","0.197964"
"-0.283788","2.150982","0.577496"
"-1.01383","2.8260080000000003","0.576171"
"-1.6527580000000002","2.681598","0.694448"
"0.154448","1.8151700000000002","-0.618102"
"1.176786","1.3546790000000002","-1.775993"
"1.085672","1.5652629999999998","-1.223862"
"0.7304729999999999","0.059584000000000005","0.575735"
"0.002634","-1.214417","0.7236899999999999"
"0.082235","-1.954221","1.0136969999999998"
"0.345788","-2.199838","1.2051020000000001"
"0.22240900000000002","-1.993627","1.650046"
"0.180503","-1.520809","1.010116"
"0.368298","-0.794351","0.214077"
"0.18220999999999998","-0.461687","-0.152799"
"-0.303012","0.974301","-1.8041759999999998"
"0.055384","-0.722006","-0.349534"
"-0.14572000000000002","-1.978759","0.370824"
"-0.315176","1.224392","2.2146939999999997"
"0.9717319999999999","3.137453","-0.554571"
"0.905148","0.812476","1.337659"
"0.150955","0.010537000000000001","0.47661899999999996"
"0.137669","0.872893","1.58181"
"-0.769875","2.6060659999999998","-0.937782"
"-0.764941","2.602692","-1.057066"
"0.19450499999999998","0.375894","-0.983975"
"-1.6420419999999998","-0.512991","-1.447296"
"-1.1925620000000001","-1.418128","-0.578576"
"0.209923","-0.92527","0.286718"
"0.56488","-0.6237189999999999","-0.014688999999999999"
"0.584086","-0.359414","-1.7467849999999998"
"-0.12306700000000001","-0.48444899999999996","-0.9044909999999999"
"-0.594595","-0.9071969999999999","-0.8461209999999999"
"-0.17266700000000001","-0.9341889999999999","-0.342514"
"0.101261","-0.703343","-0.304595"
"0.000206","-0.39926","-0.47274099999999997"
"0.195855","0.20713099999999998","0.158039"
"0.087545","1.881045","0.47032299999999994"
"-0.8551559999999999","3.225218","0.557238"
"-1.392119","1.907429","-0.074393"
"0.103453","1.5346360000000001","-0.610989"
"0.972979","1.365643","-1.542874"
"0.905817","1.527232","-0.648112"
"0.757356","0.48830500000000004","0.186329"
"0.21446700000000002","-0.9359049999999999","0.580709"
"0.013578999999999999","-1.798199","0.86735"
"0.33419499999999996","-2.778765","1.183569"
"0.403326","-2.187727","1.86044"
"0.346279","-1.5824850000000001","1.4732049999999999"
"0.48583999999999994","-0.845306","0.501362"
"0.17886300000000002","0.00406","-0.390328"
"-0.5050939999999999","1.176312","-1.461457"
"-0.530537","0.9524030000000001","-2.3230560000000002"
"0.566195","-1.812774","0.956987"
"0.217446","-3.376496","1.334231"
"-1.181389","4.686466","-4.030287"
"0.693813","5.276639","0.291626"
"2.71711","2.116679","3.536886"
"0.066635","0.23545500000000003","1.365448"
"-0.233906","0.705967","0.883134"
"-1.202057","2.1995240000000003","-1.0915540000000001"
"1.080157","1.5039120000000001","-0.8888309999999999"
"-0.27162600000000003","0.048987","-1.247455"
"-1.465047","-0.8106479999999999","-0.601995"
"-0.6928770000000001","-1.0929799999999998","0.181668"
"0.238246","-0.910724","0.093566"
"0.385286","-0.8362209999999999","-0.8171350000000001"
"-0.128299","-0.344063","-1.174251"
"-0.508195","-0.8855569999999999","-0.64667"
"-0.249108","-0.79201","-0.582106"
"0.16201400000000002","-0.799647","-0.063305"
"0.113801","-0.388864","-0.469699"
"0.276034","0.45366000000000006","0.359898"
"0.316407","2.028357","0.9010229999999999"
"-1.165676","2.5834610000000002","1.136176"
"-2.168304","1.617682","-0.43704"
"-0.539525","1.565239","-0.386831"
"1.3990129999999998","1.946164","-1.094187"
"0.837368","1.323581","-1.032366"
"0.262561","0.653622","0.080825"
"0.003575","-0.088767","0.8523809999999999"
"-0.050002","-1.169769","0.538395"
"0.10351099999999999","-1.900421","0.671304"
"0.319998","-2.711784","1.002302"
"0.207186","-2.081285","1.626499"
"0.5633","-1.287036","1.162917"
"0.373757","-0.23046399999999997","-0.036725"
"-0.363766","0.6063310000000001","-1.226233"
"-0.1152","0.676388","-1.859938"
"-0.14641400000000002","-1.056864","-0.31752800000000003"
"0.24200700000000003","-2.704805","1.109117"
"0.391058","-2.479934","2.6360259999999998"
"-0.149417","1.485803","2.122697"
"1.616364","6.356180999999999","2.5074009999999998"
"0.610247","-0.234302","0.39014499999999996"
"-0.45753900000000003","-1.0407170000000001","-1.317919"
"-0.281881","0.564081","1.344804"
"-0.794029","1.552098","-0.20884499999999998"
"0.521048","2.18398","0.6844100000000001"
"0.614217","1.2522799999999998","-0.456711"
"-1.283521","-0.440208","-0.827132"
"-1.2007079999999999","-1.293636","-0.30291599999999996"
"-0.513678","-1.25511","-0.18209"
"0.260679","-0.589577","-0.501289"
"0.493544","-0.545722","-1.568211"
"0.199598","-0.607039","-0.399572"
"-0.366149","-0.68462","-0.560565"
"-0.839145","-0.865107","-0.500678"
"-0.472728","-0.6952659999999999","0.0011330000000000001"
"0.12418499999999999","0.7158939999999999","0.486047"
"0.29334499999999997","2.032944","0.751249"
"-0.092807","2.6638189999999997","1.289649"
"-1.544991","1.8560900000000002","-0.476225"
"-0.094586","1.297682","-0.7218100000000001"
"0.612147","1.418228","-0.692823"
"0.560527","1.105092","-0.225546"
"0.46215600000000007","0.433827","0.41593800000000003"
"0.10823900000000002","-0.265559","0.662362"
"-0.055501999999999996","-1.180321","0.55565"
"-0.037793","-1.897909","0.46827299999999994"
"0.055342999999999996","-2.330663","0.651533"
"0.032418999999999996","-1.846813","0.6896140000000001"
"0.327399","-1.313288","0.5030140000000001"
"0.457895","-0.907717","0.234371"
"-0.053473","0.20088599999999998","-0.915789"
"-0.292633","-0.691058","-0.830227"
"-0.04494","-1.459085","0.406378"
"-0.19306600000000002","-1.386304","0.8999879999999999"
"-0.287135","2.0055709999999998","1.8624880000000001"
"0.55584","2.979084","-0.184591"
"0.6111439999999999","0.445723","0.754372"
"-0.41185299999999997","0.21146900000000002","-0.318712"
"-0.073305","0.789234","0.680001"
"-0.531569","1.132177","-0.082702"
"0.204432","1.2491379999999999","-0.181175"
"0.271422","0.7069529999999999","0.085272"
"-0.091878","0.162996","-0.763692"
"-0.778962","-0.41726599999999997","-1.012047"
"-0.839817","-0.76281","-0.643957"
"-0.07044","-0.715665","-0.065854"
"0.271198","-0.556474","0.11619600000000001"
"0.24572199999999997","-0.679924","-1.190534"
"-0.038329","-0.663115","-0.848224"
"-0.22343200000000002","-0.789026","-0.36935"
"-0.42763","-0.789499","-0.632487"
"-0.056521","0.025125","0.187101"
"0.5452130000000001","1.244841","0.500893"
"0.757825","1.7057509999999998","0.605246"
"-1.1649909999999999","0.8251430000000001","0.152789"
"-0.9170870000000001","0.9021610000000001","-0.28422800000000004"
"-0.129315","0.9823040000000001","-0.544409"
"0.23254299999999997","1.19551","-0.536311"
"0.23188499999999998","1.131101","-0.22492800000000002"
"0.191626","0.852843","0.105794"
"0.145094","-0.13485","0.419153"
"-0.11180999999999999","-0.593673","0.354876"
"-0.101373","-0.906224","0.25454299999999996"
"0.058446000000000005","-1.3639940000000002","0.189881"
"0.1598","-1.8220610000000002","0.357819"
"0.19484400000000002","-1.8831080000000002","0.5687949999999999"
"0.397541","-1.373651","0.5568890000000001"
"0.342045","-0.9180200000000001","0.078778"
"0.019492","-0.514542","-0.588767"
"-0.062765","-0.335919","-0.640495"
"-0.45728599999999997","-0.832939","0.022663"
"-0.321917","0.7204119999999999","1.280989"
"-0.6936760000000001","2.90765","-1.6734060000000002"
"0.707645","-0.10953","1.019401"
"0.023749","-0.42082299999999995","-0.017698"
"1.054705","0.299336","1.081744"
"0.298672","0.8282780000000001","-0.288696"
"0.071279","1.394626","-0.119361"
"-0.158625","0.887553","-0.366078"
"-0.106743","0.377469","-0.375244"
"-0.326536","0.157631","-0.502683"
"-0.539244","-0.004113","-0.636471"
"-0.676944","-0.454794","-0.499276"
"-0.448147","-0.49381899999999995","-0.529408"
"0.187814","-0.684399","-0.30559899999999995"
"0.333025","-0.888484","-0.367593"
"0.254314","-0.8720110000000001","-0.39379400000000003"
"0.029276","-0.547005","-0.20720500000000003"
"-0.29596500000000003","-0.7280270000000001","-0.296158"
"-0.41387399999999996","-0.231386","-0.033111"
"-0.591372","1.1879819999999999","0.211482"
"-0.056359000000000006","2.033243","0.049826"
"0.09303600000000001","2.026829","0.22627199999999997"
"-0.634937","1.229666","-0.440779"
"-0.323725","1.0463719999999999","-0.388648"
"0.619444","1.553614","-1.05266"
"0.563759","1.218445","-0.135848"
"-0.011043","0.366519","-0.19158499999999998"
"-0.252244","-0.358848","-0.23551599999999998"
"0.130219","-1.13876","0.132698"
"0.29208","-1.555916","0.480145"
"0.35617600000000005","-1.3945049999999999","0.602931"
"0.30962","-1.084307","0.836208"
"0.110944","-1.1360350000000001","0.798431"
"0.07008400000000001","-1.154216","0.588477"
"-0.066222","-0.951217","0.252424"
"0.086127","-0.92311","0.182549"
"0.30189099999999996","-0.830125","0.18401700000000001"
"0.38441","-0.649087","0.20130699999999999"
"0.292026","-0.504425","0.226037"
"0.182148","-0.525465","0.179558"
"0.162691","-0.7529020000000001","0.15893"
"-0.5717439999999999","0.004086","-0.477278"
"-3.14819","7.02695","-4.055692"
"2.8567810000000002","0.384201","4.7781519999999995"
"-0.100654","-3.1233880000000003","-1.8701830000000002"
"1.854168","0.465413","-0.353575"
"0.5177609999999999","1.1786299999999998","-0.116475"
"-0.006306","1.89851","0.040820999999999996"
"-0.259604","2.214632","-0.5124310000000001"
"-0.321223","0.506367","-0.443644"
"-0.67108","-0.535254","-0.119848"
"-0.85556","-0.8357030000000001","0.303919"
"-0.595168","-1.4133040000000001","0.472864"
"-0.147918","-1.4468530000000002","0.033595"
"0.053564999999999995","-0.9340879999999999","0.19248900000000002"
"-0.033414","-0.37694","0.683634"
"-0.167429","-0.319346","0.4242"
"-0.106607","-0.42185","0.405467"
"0.068489","-0.239798","0.411934"
"-0.208454","0.8440709999999999","0.506053"
"-0.108971","1.590264","-0.062076"
"0.15151900000000001","0.8491690000000001","-0.9427629999999999"
"-0.015212999999999999","-0.015341","-0.013888"
"-0.09046","-0.351094","0.105272"
"-0.040857","-0.313214","-0.011636"
"-0.18521500000000002","-0.213243","-0.207137"
"-0.311094","-0.306846","-0.346335"
"-0.222556","-0.325839","-0.417627"
"-0.15373399999999998","0.040268","-0.334429"
"0.181176","0.9053180000000001","-0.356628"
"-0.20646399999999998","0.02833","-0.46288900000000005"
"0.261335","-1.379848","-0.504879"
"0.661877","-1.794502","0.45910500000000004"
"0.447558","-1.491619","1.358535"
"0.222964","0.229598","1.7540810000000002"
"-0.805872","3.661993","-2.688169"
"1.4501190000000002","1.421563","1.851366"
"-0.067358","-0.274708","0.49429799999999996"
"-0.165194","0.13783299999999998","-0.267631"
"0.578952","0.992001","0.760991"
"0.20393699999999998","0.827398","0.340437"
"0.008296","0.73241","0.194276"
"0.053926999999999996","0.36237199999999997","0.365204"
"0.07331","0.135494","0.288351"
"0.153566","-0.065548","0.120321"
"0.025925999999999998","-0.363685","0.021051"
"-0.10948699999999999","-0.458609","-0.138995"
"-0.179925","-0.459603","-0.153023"
"-0.06640900000000001","-0.49868100000000004","-0.125616"
"-0.028307","-0.531412","-0.034783999999999995"
"0.010054","-0.5432899999999999","-0.035586"
"0.34181100000000003","-0.43442600000000003","-0.261381"
"0.364125","-0.199357","-0.43291499999999994"
"0.066342","0.09956799999999999","-0.241925"
"-0.561084","0.102771","-0.22164699999999998"
"-0.593251","0.259063","-0.75065"
"-0.016953","-0.015909","-0.300302"
"0.058919000000000006","-0.093166","-0.07043300000000001"
